birth_country,gender,nacionality,distance_home_school,age,state_support,responsible_person,education_responsible_person,father_employment_status,father_education_level,mother_employment_status,mother_education_level,status
Serbia,Male,Ukrainian,18,7,No,Mother,Primary,Unemployed,Primary,Unemployed,Secondary,Inactive
Ukraine,Male,Serbian,5,18,No,Mother,Primary,Self-employed,Primary,Unemployed,Secondary,Active
Hungary,Male,Romanian,19,9,Yes,Mother,Higher,Self-employed,Primary,Unemployed,Secondary,Active
Hungary,Female,Ukrainian,6,9,Yes,Mother,Primary,Unemployed,Primary,Self-employed,Secondary,Active
Moldova,Female,Serbian,19,16,Yes,Mother,Higher,Unemployed,Higher,Self-employed,Primary,Active
Romania,Male,Serbian,19,13,Yes,Guardian,Primary,Self-employed,Primary,Unemployed,Primary,Inactive
Serbia,Male,Hungarian,18,12,No,Mother,Higher,Unemployed,Higher,Unemployed,Higher,Active
Hungary,Female,Ukrainian,7,11,No,Father,Secondary,Unemployed,Higher,Self-employed,Higher,Active
Hungary,Female,Ukrainian,5,14,No,Guardian,Secondary,Unemployed,Higher,Employed,Primary,Active
Serbia,Male,Hungarian,18,10,No,Guardian,Higher,Unemployed,Higher,Employed,Higher,Active
Romania,Male,Moldovan,10,18,Yes,Guardian,Primary,Self-employed,Higher,Unemployed,Higher,Active
Ukraine,Female,Romanian,1,17,No,Mother,Higher,Self-employed,Higher,Unemployed,Higher,Active
Romania,Female,Moldovan,20,14,Yes,Guardian,Secondary,Employed,Higher,Employed,Primary,Inactive
Moldova,Female,Ukrainian,10,12,No,Guardian,Primary,Unemployed,Higher,Self-employed,Primary,Active
Romania,Female,Serbian,18,15,No,Mother,Higher,Self-employed,Primary,Self-employed,Secondary,Inactive
Hungary,Female,Romanian,8,9,Yes,Mother,Higher,Unemployed,Higher,Employed,Higher,Inactive
Hungary,Male,Moldovan,15,13,Yes,Father,Primary,Unemployed,Primary,Employed,Secondary,Inactive
Romania,Male,Romanian,5,16,Yes,Mother,Higher,Self-employed,Primary,Unemployed,Secondary,Active
Serbia,Female,Hungarian,18,13,No,Mother,Higher,Employed,Primary,Unemployed,Primary,Inactive
Serbia,Female,Moldovan,16,13,No,Guardian,Primary,Employed,Primary,Employed,Secondary,Inactive
Ukraine,Male,Serbian,10,17,Yes,Father,Primary,Employed,Primary,Unemployed,Primary,Active
Ukraine,Male,Romanian,5,7,Yes,Father,Higher,Unemployed,Secondary,Unemployed,Higher,Inactive
Serbia,Male,Ukrainian,17,8,Yes,Guardian,Primary,Self-employed,Secondary,Employed,Secondary,Active
Moldova,Female,Hungarian,15,7,Yes,Guardian,Primary,Self-employed,Secondary,Unemployed,Higher,Inactive
Serbia,Female,Romanian,7,15,No,Father,Higher,Self-employed,Higher,Employed,Primary,Active
Romania,Female,Hungarian,18,18,No,Mother,Primary,Employed,Secondary,Employed,Primary,Inactive
Moldova,Male,Serbian,17,11,Yes,Guardian,Higher,Employed,Primary,Self-employed,Primary,Inactive
Hungary,Male,Ukrainian,18,12,Yes,Guardian,Higher,Employed,Secondary,Unemployed,Primary,Inactive
Serbia,Female,Ukrainian,19,10,Yes,Father,Primary,Employed,Higher,Unemployed,Secondary,Inactive
Hungary,Male,Ukrainian,16,16,Yes,Guardian,Secondary,Unemployed,Secondary,Self-employed,Higher,Inactive
Hungary,Male,Romanian,16,10,Yes,Father,Primary,Self-employed,Secondary,Unemployed,Secondary,Inactive
Ukraine,Male,Serbian,13,16,No,Father,Primary,Unemployed,Primary,Employed,Primary,Inactive
Moldova,Female,Romanian,17,11,No,Mother,Primary,Employed,Secondary,Employed,Primary,Inactive
Moldova,Male,Ukrainian,8,9,No,Mother,Secondary,Unemployed,Primary,Employed,Higher,Active
Hungary,Male,Hungarian,19,16,Yes,Father,Higher,Employed,Secondary,Unemployed,Higher,Active
Romania,Female,Serbian,8,7,No,Guardian,Secondary,Unemployed,Higher,Unemployed,Higher,Inactive
Serbia,Female,Hungarian,17,12,No,Father,Primary,Unemployed,Primary,Unemployed,Primary,Inactive
Romania,Male,Hungarian,4,17,No,Guardian,Higher,Self-employed,Secondary,Unemployed,Higher,Active
Moldova,Female,Moldovan,7,11,Yes,Guardian,Higher,Employed,Secondary,Self-employed,Primary,Active
Ukraine,Female,Romanian,5,12,No,Guardian,Secondary,Employed,Higher,Unemployed,Secondary,Inactive
Serbia,Female,Serbian,19,7,Yes,Guardian,Primary,Self-employed,Secondary,Employed,Higher,Inactive
Serbia,Male,Hungarian,17,13,No,Father,Higher,Employed,Primary,Employed,Primary,Inactive
Ukraine,Female,Serbian,12,6,No,Mother,Secondary,Employed,Higher,Employed,Primary,Active
Moldova,Female,Serbian,11,18,No,Mother,Secondary,Self-employed,Higher,Self-employed,Secondary,Inactive
Serbia,Male,Ukrainian,4,6,No,Guardian,Higher,Employed,Primary,Self-employed,Secondary,Active
Hungary,Male,Ukrainian,11,17,Yes,Father,Primary,Self-employed,Primary,Self-employed,Higher,Active
Hungary,Male,Hungarian,4,10,Yes,Father,Higher,Self-employed,Higher,Unemployed,Higher,Inactive
Hungary,Female,Serbian,2,17,No,Father,Primary,Employed,Secondary,Unemployed,Secondary,Inactive
Serbia,Female,Ukrainian,8,9,No,Father,Secondary,Employed,Secondary,Employed,Secondary,Active
Hungary,Female,Serbian,7,13,Yes,Father,Higher,Employed,Primary,Employed,Secondary,Active
Hungary,Male,Moldovan,2,18,Yes,Guardian,Primary,Employed,Primary,Unemployed,Higher,Active
Moldova,Male,Romanian,2,6,No,Guardian,Secondary,Unemployed,Higher,Self-employed,Secondary,Inactive
Ukraine,Male,Serbian,8,9,Yes,Father,Primary,Employed,Secondary,Self-employed,Secondary,Active
Romania,Male,Romanian,13,16,Yes,Guardian,Secondary,Employed,Primary,Employed,Secondary,Inactive
Hungary,Female,Moldovan,2,17,Yes,Mother,Higher,Unemployed,Primary,Unemployed,Higher,Active
Ukraine,Female,Serbian,3,11,Yes,Father,Higher,Self-employed,Higher,Employed,Primary,Inactive
Romania,Male,Serbian,14,17,Yes,Father,Secondary,Self-employed,Secondary,Unemployed,Higher,Inactive
Serbia,Female,Hungarian,15,13,No,Father,Higher,Employed,Primary,Employed,Secondary,Active
Serbia,Female,Ukrainian,18,10,Yes,Father,Higher,Unemployed,Higher,Employed,Higher,Active
Ukraine,Male,Romanian,18,11,Yes,Mother,Secondary,Unemployed,Secondary,Employed,Primary,Active
Romania,Female,Romanian,19,11,No,Guardian,Secondary,Unemployed,Primary,Unemployed,Primary,Active
Serbia,Female,Hungarian,7,11,No,Mother,Secondary,Unemployed,Higher,Self-employed,Higher,Active
Ukraine,Male,Moldovan,3,17,No,Mother,Secondary,Self-employed,Secondary,Self-employed,Primary,Active
Romania,Male,Serbian,1,9,No,Guardian,Higher,Self-employed,Higher,Employed,Primary,Active
Moldova,Female,Ukrainian,6,9,Yes,Father,Secondary,Employed,Higher,Employed,Secondary,Inactive
Hungary,Female,Serbian,16,17,No,Mother,Secondary,Employed,Primary,Self-employed,Primary,Inactive
Hungary,Female,Romanian,1,17,No,Guardian,Primary,Unemployed,Secondary,Self-employed,Secondary,Inactive
Hungary,Female,Serbian,15,16,No,Father,Higher,Employed,Primary,Unemployed,Primary,Active
Moldova,Female,Moldovan,9,7,No,Guardian,Secondary,Self-employed,Primary,Self-employed,Primary,Inactive
Serbia,Male,Ukrainian,11,6,No,Mother,Secondary,Self-employed,Secondary,Unemployed,Primary,Inactive
Romania,Female,Hungarian,11,12,Yes,Father,Higher,Self-employed,Secondary,Self-employed,Primary,Active
Moldova,Female,Romanian,8,17,Yes,Mother,Primary,Unemployed,Primary,Unemployed,Higher,Inactive
Serbia,Female,Hungarian,4,13,No,Mother,Secondary,Unemployed,Higher,Unemployed,Secondary,Inactive
Romania,Female,Moldovan,5,14,No,Mother,Secondary,Self-employed,Higher,Employed,Higher,Inactive
Hungary,Male,Serbian,18,17,Yes,Mother,Secondary,Unemployed,Secondary,Self-employed,Secondary,Inactive
Ukraine,Female,Serbian,6,12,Yes,Mother,Secondary,Employed,Higher,Unemployed,Primary,Inactive
Moldova,Male,Moldovan,5,11,No,Mother,Higher,Self-employed,Secondary,Unemployed,Higher,Active
Hungary,Male,Romanian,9,17,No,Mother,Higher,Unemployed,Higher,Unemployed,Secondary,Active
Romania,Female,Serbian,19,13,No,Guardian,Secondary,Employed,Primary,Self-employed,Secondary,Inactive
Ukraine,Female,Romanian,3,15,Yes,Father,Higher,Employed,Higher,Unemployed,Secondary,Active
Serbia,Male,Ukrainian,13,8,No,Guardian,Higher,Unemployed,Secondary,Self-employed,Secondary,Inactive
Romania,Male,Romanian,17,7,Yes,Guardian,Primary,Self-employed,Secondary,Unemployed,Secondary,Active
Serbia,Male,Serbian,7,14,No,Father,Higher,Employed,Primary,Employed,Higher,Inactive
Hungary,Female,Hungarian,14,12,Yes,Guardian,Secondary,Unemployed,Primary,Unemployed,Secondary,Active
Romania,Male,Ukrainian,18,18,No,Mother,Secondary,Employed,Secondary,Employed,Higher,Inactive
Hungary,Male,Moldovan,14,13,Yes,Father,Secondary,Unemployed,Secondary,Unemployed,Secondary,Inactive
Ukraine,Female,Moldovan,17,11,No,Guardian,Higher,Employed,Primary,Self-employed,Primary,Inactive
Hungary,Female,Ukrainian,18,16,Yes,Guardian,Primary,Self-employed,Primary,Employed,Secondary,Inactive
Romania,Male,Ukrainian,18,15,No,Mother,Primary,Unemployed,Primary,Self-employed,Higher,Inactive
Ukraine,Female,Moldovan,15,17,Yes,Father,Primary,Employed,Higher,Self-employed,Primary,Active
Moldova,Male,Ukrainian,12,18,Yes,Guardian,Higher,Employed,Primary,Self-employed,Secondary,Inactive
Romania,Male,Romanian,3,17,No,Mother,Primary,Self-employed,Primary,Employed,Secondary,Inactive
Romania,Male,Moldovan,12,11,No,Guardian,Secondary,Unemployed,Primary,Self-employed,Primary,Active
Romania,Female,Hungarian,18,9,No,Mother,Secondary,Unemployed,Primary,Unemployed,Primary,Active
Romania,Female,Moldovan,18,12,Yes,Mother,Primary,Employed,Primary,Self-employed,Secondary,Inactive
Ukraine,Female,Romanian,18,11,No,Guardian,Primary,Self-employed,Higher,Unemployed,Higher,Inactive
Moldova,Female,Romanian,7,12,Yes,Guardian,Primary,Employed,Primary,Self-employed,Secondary,Active
Hungary,Female,Serbian,2,17,Yes,Guardian,Secondary,Unemployed,Higher,Self-employed,Secondary,Active
Ukraine,Female,Romanian,11,15,Yes,Mother,Secondary,Unemployed,Higher,Employed,Primary,Inactive
Romania,Female,Hungarian,20,11,No,Mother,Primary,Employed,Primary,Employed,Higher,Inactive
,,,,,,,,,,,,
,,,,,,,,,,,,
,,,,,,,,,,,,
,,,,,,,,,,,,
,,,,,,,,,,,,
,,,,,,,,,,,,
,,,,,,,,,,,,
,,,,,,,,,,,,
,,,,,,,,,,,,
,,,,,,,,,,,,
,,,,,,,,,,,,
,,,,,,,,,,,,
,,,,,,,,,,,,
,,,,,,,,,,,,
,,,,,,,,,,,,
,,,,,,,,,,,,
,,,,,,,,,,,,
,,,,,,,,,,,,
,,,,,,,,,,,,
,,,,,,,,,,,,
,,,,,,,,,,,,
,,,,,,,,,,,,
,,,,,,,,,,,,
,,,,,,,,,,,,
,,,,,,,,,,,,
,,,,,,,,,,,,
,,,,,,,,,,,,
,,,,,,,,,,,,
,,,,,,,,,,,,
,,,,,,,,,,,,
,,,,,,,,,,,,
,,,,,,,,,,,,
,,,,,,,,,,,,
,,,,,,,,,,,,
,,,,,,,,,,,,
,,,,,,,,,,,,
,,,,,,,,,,,,
,,,,,,,,,,,,
,,,,,,,,,,,,
,,,,,,,,,,,,
,,,,,,,,,,,,
,,,,,,,,,,,,
,,,,,,,,,,,,
,,,,,,,,,,,,
,,,,,,,,,,,,
,,,,,,,,,,,,
,,,,,,,,,,,,
,,,,,,,,,,,,
,,,,,,,,,,,,
,,,,,,,,,,,,
,,,,,,,,,,,,
,,,,,,,,,,,,
,,,,,,,,,,,,
,,,,,,,,,,,,
,,,,,,,,,,,,
,,,,,,,,,,,,
,,,,,,,,,,,,
,,,,,,,,,,,,
,,,,,,,,,,,,
,,,,,,,,,,,,
,,,,,,,,,,,,
,,,,,,,,,,,,
,,,,,,,,,,,,
,,,,,,,,,,,,
,,,,,,,,,,,,
,,,,,,,,,,,,
,,,,,,,,,,,,
,,,,,,,,,,,,
,,,,,,,,,,,,
,,,,,,,,,,,,
,,,,,,,,,,,,
,,,,,,,,,,,,
,,,,,,,,,,,,
,,,,,,,,,,,,
,,,,,,,,,,,,
,,,,,,,,,,,,
,,,,,,,,,,,,
,,,,,,,,,,,,
,,,,,,,,,,,,
,,,,,,,,,,,,
,,,,,,,,,,,,
,,,,,,,,,,,,
,,,,,,,,,,,,
,,,,,,,,,,,,
,,,,,,,,,,,,
,,,,,,,,,,,,
,,,,,,,,,,,,
,,,,,,,,,,,,
,,,,,,,,,,,,
,,,,,,,,,,,,
,,,,,,,,,,,,
,,,,,,,,,,,,
,,,,,,,,,,,,
,,,,,,,,,,,,
,,,,,,,,,,,,
,,,,,,,,,,,,
,,,,,,,,,,,,
,,,,,,,,,,,,
,,,,,,,,,,,,
,,,,,,,,,,,,
,,,,,,,,,,,,
,,,,,,,,,,,,
,,,,,,,,,,,,
,,,,,,,,,,,,
,,,,,,,,,,,,
,,,,,,,,,,,,
,,,,,,,,,,,,
,,,,,,,,,,,,
,,,,,,,,,,,,
,,,,,,,,,,,,
,,,,,,,,,,,,
,,,,,,,,,,,,
,,,,,,,,,,,,
,,,,,,,,,,,,
,,,,,,,,,,,,
,,,,,,,,,,,,
,,,,,,,,,,,,
,,,,,,,,,,,,
,,,,,,,,,,,,
,,,,,,,,,,,,
,,,,,,,,,,,,
,,,,,,,,,,,,
,,,,,,,,,,,,
,,,,,,,,,,,,
,,,,,,,,,,,,
,,,,,,,,,,,,
,,,,,,,,,,,,
,,,,,,,,,,,,
,,,,,,,,,,,,
,,,,,,,,,,,,
,,,,,,,,,,,,
,,,,,,,,,,,,
,,,,,,,,,,,,
,,,,,,,,,,,,
,,,,,,,,,,,,
,,,,,,,,,,,,
,,,,,,,,,,,,
,,,,,,,,,,,,
,,,,,,,,,,,,
,,,,,,,,,,,,
,,,,,,,,,,,,
,,,,,,,,,,,,
,,,,,,,,,,,,
,,,,,,,,,,,,
,,,,,,,,,,,,
,,,,,,,,,,,,
,,,,,,,,,,,,
,,,,,,,,,,,,
,,,,,,,,,,,,
,,,,,,,,,,,,
,,,,,,,,,,,,
,,,,,,,,,,,,
,,,,,,,,,,,,
,,,,,,,,,,,,
,,,,,,,,,,,,
,,,,,,,,,,,,
,,,,,,,,,,,,
,,,,,,,,,,,,
,,,,,,,,,,,,
,,,,,,,,,,,,
,,,,,,,,,,,,
,,,,,,,,,,,,
,,,,,,,,,,,,
,,,,,,,,,,,,
,,,,,,,,,,,,
,,,,,,,,,,,,
,,,,,,,,,,,,
,,,,,,,,,,,,
,,,,,,,,,,,,
,,,,,,,,,,,,
,,,,,,,,,,,,
,,,,,,,,,,,,
,,,,,,,,,,,,
,,,,,,,,,,,,
,,,,,,,,,,,,
,,,,,,,,,,,,
,,,,,,,,,,,,
,,,,,,,,,,,,
,,,,,,,,,,,,
,,,,,,,,,,,,
,,,,,,,,,,,,
,,,,,,,,,,,,
,,,,,,,,,,,,
,,,,,,,,,,,,
,,,,,,,,,,,,
,,,,,,,,,,,,
,,,,,,,,,,,,
,,,,,,,,,,,,
,,,,,,,,,,,,
,,,,,,,,,,,,
,,,,,,,,,,,,
,,,,,,,,,,,,
,,,,,,,,,,,,
,,,,,,,,,,,,
,,,,,,,,,,,,
,,,,,,,,,,,,
,,,,,,,,,,,,
,,,,,,,,,,,,
,,,,,,,,,,,,
,,,,,,,,,,,,
,,,,,,,,,,,,
,,,,,,,,,,,,
,,,,,,,,,,,,
,,,,,,,,,,,,
,,,,,,,,,,,,
,,,,,,,,,,,,
,,,,,,,,,,,,
,,,,,,,,,,,,
,,,,,,,,,,,,
,,,,,,,,,,,,
,,,,,,,,,,,,
,,,,,,,,,,,,
,,,,,,,,,,,,
,,,,,,,,,,,,
,,,,,,,,,,,,
,,,,,,,,,,,,
,,,,,,,,,,,,
,,,,,,,,,,,,
,,,,,,,,,,,,
,,,,,,,,,,,,
,,,,,,,,,,,,
,,,,,,,,,,,,
,,,,,,,,,,,,
,,,,,,,,,,,,
,,,,,,,,,,,,
,,,,,,,,,,,,
,,,,,,,,,,,,
,,,,,,,,,,,,
,,,,,,,,,,,,
,,,,,,,,,,,,
,,,,,,,,,,,,
,,,,,,,,,,,,
,,,,,,,,,,,,
,,,,,,,,,,,,
,,,,,,,,,,,,
,,,,,,,,,,,,
,,,,,,,,,,,,
,,,,,,,,,,,,
,,,,,,,,,,,,
,,,,,,,,,,,,
,,,,,,,,,,,,
,,,,,,,,,,,,
,,,,,,,,,,,,
,,,,,,,,,,,,
,,,,,,,,,,,,
,,,,,,,,,,,,
,,,,,,,,,,,,
,,,,,,,,,,,,
,,,,,,,,,,,,
,,,,,,,,,,,,
,,,,,,,,,,,,
,,,,,,,,,,,,
,,,,,,,,,,,,
,,,,,,,,,,,,
,,,,,,,,,,,,
,,,,,,,,,,,,
,,,,,,,,,,,,
,,,,,,,,,,,,
,,,,,,,,,,,,
,,,,,,,,,,,,
,,,,,,,,,,,,
,,,,,,,,,,,,
,,,,,,,,,,,,
,,,,,,,,,,,,
,,,,,,,,,,,,
,,,,,,,,,,,,
,,,,,,,,,,,,
,,,,,,,,,,,,
,,,,,,,,,,,,
,,,,,,,,,,,,
,,,,,,,,,,,,
,,,,,,,,,,,,
,,,,,,,,,,,,
,,,,,,,,,,,,
,,,,,,,,,,,,
,,,,,,,,,,,,
,,,,,,,,,,,,
,,,,,,,,,,,,
,,,,,,,,,,,,
,,,,,,,,,,,,
,,,,,,,,,,,,
,,,,,,,,,,,,
,,,,,,,,,,,,
,,,,,,,,,,,,
,,,,,,,,,,,,
,,,,,,,,,,,,
,,,,,,,,,,,,
,,,,,,,,,,,,
,,,,,,,,,,,,
,,,,,,,,,,,,
,,,,,,,,,,,,
,,,,,,,,,,,,
,,,,,,,,,,,,
,,,,,,,,,,,,
,,,,,,,,,,,,
,,,,,,,,,,,,
,,,,,,,,,,,,
,,,,,,,,,,,,
,,,,,,,,,,,,
,,,,,,,,,,,,
,,,,,,,,,,,,
,,,,,,,,,,,,
,,,,,,,,,,,,
,,,,,,,,,,,,
,,,,,,,,,,,,
,,,,,,,,,,,,
,,,,,,,,,,,,
,,,,,,,,,,,,
,,,,,,,,,,,,
,,,,,,,,,,,,
,,,,,,,,,,,,
,,,,,,,,,,,,
,,,,,,,,,,,,
,,,,,,,,,,,,
,,,,,,,,,,,,
,,,,,,,,,,,,
,,,,,,,,,,,,
,,,,,,,,,,,,
,,,,,,,,,,,,
,,,,,,,,,,,,
,,,,,,,,,,,,
,,,,,,,,,,,,
,,,,,,,,,,,,
,,,,,,,,,,,,
,,,,,,,,,,,,
,,,,,,,,,,,,
,,,,,,,,,,,,
,,,,,,,,,,,,
,,,,,,,,,,,,
,,,,,,,,,,,,
,,,,,,,,,,,,
,,,,,,,,,,,,
,,,,,,,,,,,,
,,,,,,,,,,,,
,,,,,,,,,,,,
,,,,,,,,,,,,
,,,,,,,,,,,,
,,,,,,,,,,,,
,,,,,,,,,,,,
,,,,,,,,,,,,
,,,,,,,,,,,,
,,,,,,,,,,,,
,,,,,,,,,,,,
,,,,,,,,,,,,
,,,,,,,,,,,,
,,,,,,,,,,,,
,,,,,,,,,,,,
,,,,,,,,,,,,
,,,,,,,,,,,,
,,,,,,,,,,,,
,,,,,,,,,,,,
,,,,,,,,,,,,
,,,,,,,,,,,,
,,,,,,,,,,,,
,,,,,,,,,,,,
,,,,,,,,,,,,
,,,,,,,,,,,,
,,,,,,,,,,,,
,,,,,,,,,,,,
,,,,,,,,,,,,
,,,,,,,,,,,,
,,,,,,,,,,,,
,,,,,,,,,,,,
,,,,,,,,,,,,
,,,,,,,,,,,,
,,,,,,,,,,,,
,,,,,,,,,,,,
,,,,,,,,,,,,
,,,,,,,,,,,,
,,,,,,,,,,,,
,,,,,,,,,,,,
,,,,,,,,,,,,
,,,,,,,,,,,,
,,,,,,,,,,,,
,,,,,,,,,,,,
,,,,,,,,,,,,
,,,,,,,,,,,,
,,,,,,,,,,,,
,,,,,,,,,,,,
,,,,,,,,,,,,
,,,,,,,,,,,,
,,,,,,,,,,,,
,,,,,,,,,,,,
,,,,,,,,,,,,
,,,,,,,,,,,,
,,,,,,,,,,,,
,,,,,,,,,,,,
,,,,,,,,,,,,
,,,,,,,,,,,,
,,,,,,,,,,,,
,,,,,,,,,,,,
,,,,,,,,,,,,
,,,,,,,,,,,,
,,,,,,,,,,,,
,,,,,,,,,,,,
,,,,,,,,,,,,
,,,,,,,,,,,,
,,,,,,,,,,,,
,,,,,,,,,,,,
,,,,,,,,,,,,
,,,,,,,,,,,,
,,,,,,,,,,,,
,,,,,,,,,,,,
,,,,,,,,,,,,
,,,,,,,,,,,,
,,,,,,,,,,,,
,,,,,,,,,,,,
,,,,,,,,,,,,
,,,,,,,,,,,,
,,,,,,,,,,,,
,,,,,,,,,,,,
,,,,,,,,,,,,
,,,,,,,,,,,,
,,,,,,,,,,,,
,,,,,,,,,,,,
,,,,,,,,,,,,
,,,,,,,,,,,,
,,,,,,,,,,,,
,,,,,,,,,,,,
,,,,,,,,,,,,
,,,,,,,,,,,,
,,,,,,,,,,,,
,,,,,,,,,,,,
,,,,,,,,,,,,
,,,,,,,,,,,,
,,,,,,,,,,,,
,,,,,,,,,,,,
,,,,,,,,,,,,
,,,,,,,,,,,,
,,,,,,,,,,,,
,,,,,,,,,,,,
,,,,,,,,,,,,
,,,,,,,,,,,,
,,,,,,,,,,,,
,,,,,,,,,,,,
,,,,,,,,,,,,
,,,,,,,,,,,,
,,,,,,,,,,,,
,,,,,,,,,,,,
,,,,,,,,,,,,
,,,,,,,,,,,,
,,,,,,,,,,,,
,,,,,,,,,,,,
,,,,,,,,,,,,
,,,,,,,,,,,,
,,,,,,,,,,,,
,,,,,,,,,,,,
,,,,,,,,,,,,
,,,,,,,,,,,,
,,,,,,,,,,,,
,,,,,,,,,,,,
,,,,,,,,,,,,
,,,,,,,,,,,,
,,,,,,,,,,,,
,,,,,,,,,,,,
,,,,,,,,,,,,
,,,,,,,,,,,,
,,,,,,,,,,,,
,,,,,,,,,,,,
,,,,,,,,,,,,
,,,,,,,,,,,,
,,,,,,,,,,,,
,,,,,,,,,,,,
,,,,,,,,,,,,
,,,,,,,,,,,,
,,,,,,,,,,,,
,,,,,,,,,,,,
,,,,,,,,,,,,
,,,,,,,,,,,,
,,,,,,,,,,,,
,,,,,,,,,,,,
,,,,,,,,,,,,
,,,,,,,,,,,,
,,,,,,,,,,,,
,,,,,,,,,,,,
,,,,,,,,,,,,
,,,,,,,,,,,,
,,,,,,,,,,,,
,,,,,,,,,,,,
,,,,,,,,,,,,
,,,,,,,,,,,,
,,,,,,,,,,,,
,,,,,,,,,,,,
,,,,,,,,,,,,
,,,,,,,,,,,,
,,,,,,,,,,,,
,,,,,,,,,,,,
,,,,,,,,,,,,
,,,,,,,,,,,,
,,,,,,,,,,,,
,,,,,,,,,,,,
,,,,,,,,,,,,
,,,,,,,,,,,,
,,,,,,,,,,,,
,,,,,,,,,,,,
,,,,,,,,,,,,
,,,,,,,,,,,,
,,,,,,,,,,,,
,,,,,,,,,,,,
,,,,,,,,,,,,
,,,,,,,,,,,,
,,,,,,,,,,,,
,,,,,,,,,,,,
,,,,,,,,,,,,
,,,,,,,,,,,,
,,,,,,,,,,,,
,,,,,,,,,,,,
,,,,,,,,,,,,
,,,,,,,,,,,,
,,,,,,,,,,,,
,,,,,,,,,,,,
,,,,,,,,,,,,
,,,,,,,,,,,,
,,,,,,,,,,,,
,,,,,,,,,,,,
,,,,,,,,,,,,
,,,,,,,,,,,,
,,,,,,,,,,,,
,,,,,,,,,,,,
,,,,,,,,,,,,
,,,,,,,,,,,,
,,,,,,,,,,,,
,,,,,,,,,,,,
,,,,,,,,,,,,
,,,,,,,,,,,,
,,,,,,,,,,,,
,,,,,,,,,,,,
,,,,,,,,,,,,
,,,,,,,,,,,,
,,,,,,,,,,,,
,,,,,,,,,,,,
,,,,,,,,,,,,
,,,,,,,,,,,,
,,,,,,,,,,,,
,,,,,,,,,,,,
,,,,,,,,,,,,
,,,,,,,,,,,,
,,,,,,,,,,,,
,,,,,,,,,,,,
,,,,,,,,,,,,
,,,,,,,,,,,,
,,,,,,,,,,,,
,,,,,,,,,,,,
,,,,,,,,,,,,
,,,,,,,,,,,,
,,,,,,,,,,,,
,,,,,,,,,,,,
,,,,,,,,,,,,
,,,,,,,,,,,,
,,,,,,,,,,,,
,,,,,,,,,,,,
,,,,,,,,,,,,
,,,,,,,,,,,,
,,,,,,,,,,,,
,,,,,,,,,,,,
,,,,,,,,,,,,
,,,,,,,,,,,,
,,,,,,,,,,,,
,,,,,,,,,,,,
,,,,,,,,,,,,
,,,,,,,,,,,,
,,,,,,,,,,,,
,,,,,,,,,,,,
,,,,,,,,,,,,
,,,,,,,,,,,,
,,,,,,,,,,,,
,,,,,,,,,,,,
,,,,,,,,,,,,
,,,,,,,,,,,,
,,,,,,,,,,,,
,,,,,,,,,,,,
,,,,,,,,,,,,
,,,,,,,,,,,,
,,,,,,,,,,,,
,,,,,,,,,,,,
,,,,,,,,,,,,
,,,,,,,,,,,,
,,,,,,,,,,,,
,,,,,,,,,,,,
,,,,,,,,,,,,
,,,,,,,,,,,,
,,,,,,,,,,,,
,,,,,,,,,,,,
,,,,,,,,,,,,
,,,,,,,,,,,,
,,,,,,,,,,,,
,,,,,,,,,,,,
,,,,,,,,,,,,
,,,,,,,,,,,,
,,,,,,,,,,,,
,,,,,,,,,,,,
,,,,,,,,,,,,
,,,,,,,,,,,,
,,,,,,,,,,,,
,,,,,,,,,,,,
,,,,,,,,,,,,
,,,,,,,,,,,,
,,,,,,,,,,,,
,,,,,,,,,,,,
,,,,,,,,,,,,
,,,,,,,,,,,,
,,,,,,,,,,,,
,,,,,,,,,,,,
,,,,,,,,,,,,
,,,,,,,,,,,,
,,,,,,,,,,,,
,,,,,,,,,,,,
,,,,,,,,,,,,
,,,,,,,,,,,,
,,,,,,,,,,,,
,,,,,,,,,,,,
,,,,,,,,,,,,
,,,,,,,,,,,,
,,,,,,,,,,,,
,,,,,,,,,,,,
,,,,,,,,,,,,
,,,,,,,,,,,,
,,,,,,,,,,,,
,,,,,,,,,,,,
,,,,,,,,,,,,
,,,,,,,,,,,,
,,,,,,,,,,,,
,,,,,,,,,,,,
,,,,,,,,,,,,
,,,,,,,,,,,,
,,,,,,,,,,,,
,,,,,,,,,,,,
,,,,,,,,,,,,
,,,,,,,,,,,,
,,,,,,,,,,,,
,,,,,,,,,,,,
,,,,,,,,,,,,
,,,,,,,,,,,,
,,,,,,,,,,,,
,,,,,,,,,,,,
,,,,,,,,,,,,
,,,,,,,,,,,,
,,,,,,,,,,,,
,,,,,,,,,,,,
,,,,,,,,,,,,
,,,,,,,,,,,,
,,,,,,,,,,,,
,,,,,,,,,,,,
,,,,,,,,,,,,
,,,,,,,,,,,,
,,,,,,,,,,,,
,,,,,,,,,,,,
,,,,,,,,,,,,
,,,,,,,,,,,,
,,,,,,,,,,,,
,,,,,,,,,,,,
,,,,,,,,,,,,
,,,,,,,,,,,,
,,,,,,,,,,,,
,,,,,,,,,,,,
,,,,,,,,,,,,
,,,,,,,,,,,,
,,,,,,,,,,,,
,,,,,,,,,,,,
,,,,,,,,,,,,
,,,,,,,,,,,,
,,,,,,,,,,,,
,,,,,,,,,,,,
,,,,,,,,,,,,
,,,,,,,,,,,,
,,,,,,,,,,,,
,,,,,,,,,,,,
,,,,,,,,,,,,
,,,,,,,,,,,,
,,,,,,,,,,,,
,,,,,,,,,,,,
,,,,,,,,,,,,
,,,,,,,,,,,,
,,,,,,,,,,,,
,,,,,,,,,,,,
,,,,,,,,,,,,
,,,,,,,,,,,,
,,,,,,,,,,,,
,,,,,,,,,,,,
,,,,,,,,,,,,
,,,,,,,,,,,,
,,,,,,,,,,,,
,,,,,,,,,,,,
,,,,,,,,,,,,
,,,,,,,,,,,,
,,,,,,,,,,,,
,,,,,,,,,,,,
,,,,,,,,,,,,
,,,,,,,,,,,,
,,,,,,,,,,,,
,,,,,,,,,,,,
,,,,,,,,,,,,
,,,,,,,,,,,,
,,,,,,,,,,,,
,,,,,,,,,,,,
,,,,,,,,,,,,
,,,,,,,,,,,,
,,,,,,,,,,,,
,,,,,,,,,,,,
,,,,,,,,,,,,
,,,,,,,,,,,,
,,,,,,,,,,,,
,,,,,,,,,,,,
,,,,,,,,,,,,
,,,,,,,,,,,,
,,,,,,,,,,,,
,,,,,,,,,,,,
,,,,,,,,,,,,
,,,,,,,,,,,,
,,,,,,,,,,,,
,,,,,,,,,,,,
,,,,,,,,,,,,
,,,,,,,,,,,,
,,,,,,,,,,,,
,,,,,,,,,,,,
,,,,,,,,,,,,
,,,,,,,,,,,,
,,,,,,,,,,,,
,,,,,,,,,,,,
,,,,,,,,,,,,
,,,,,,,,,,,,
,,,,,,,,,,,,
,,,,,,,,,,,,
,,,,,,,,,,,,
,,,,,,,,,,,,
,,,,,,,,,,,,
,,,,,,,,,,,,
,,,,,,,,,,,,
,,,,,,,,,,,,
,,,,,,,,,,,,
,,,,,,,,,,,,
,,,,,,,,,,,,
,,,,,,,,,,,,
,,,,,,,,,,,,
,,,,,,,,,,,,
,,,,,,,,,,,,
,,,,,,,,,,,,
,,,,,,,,,,,,
,,,,,,,,,,,,
,,,,,,,,,,,,
,,,,,,,,,,,,
,,,,,,,,,,,,
,,,,,,,,,,,,
,,,,,,,,,,,,
,,,,,,,,,,,,
,,,,,,,,,,,,
,,,,,,,,,,,,
,,,,,,,,,,,,
,,,,,,,,,,,,
,,,,,,,,,,,,
,,,,,,,,,,,,
,,,,,,,,,,,,
,,,,,,,,,,,,
,,,,,,,,,,,,
,,,,,,,,,,,,
,,,,,,,,,,,,
,,,,,,,,,,,,
,,,,,,,,,,,,
,,,,,,,,,,,,
,,,,,,,,,,,,
,,,,,,,,,,,,
,,,,,,,,,,,,
,,,,,,,,,,,,
,,,,,,,,,,,,
,,,,,,,,,,,,
,,,,,,,,,,,,
,,,,,,,,,,,,
,,,,,,,,,,,,
,,,,,,,,,,,,
,,,,,,,,,,,,
,,,,,,,,,,,,
,,,,,,,,,,,,
,,,,,,,,,,,,
,,,,,,,,,,,,
,,,,,,,,,,,,
,,,,,,,,,,,,
,,,,,,,,,,,,
,,,,,,,,,,,,
,,,,,,,,,,,,
,,,,,,,,,,,,
,,,,,,,,,,,,
,,,,,,,,,,,,
,,,,,,,,,,,,
,,,,,,,,,,,,
,,,,,,,,,,,,
,,,,,,,,,,,,
,,,,,,,,,,,,
,,,,,,,,,,,,
,,,,,,,,,,,,
,,,,,,,,,,,,
,,,,,,,,,,,,
,,,,,,,,,,,,
,,,,,,,,,,,,
,,,,,,,,,,,,
,,,,,,,,,,,,
,,,,,,,,,,,,
,,,,,,,,,,,,
,,,,,,,,,,,,
,,,,,,,,,,,,
,,,,,,,,,,,,
,,,,,,,,,,,,
,,,,,,,,,,,,
,,,,,,,,,,,,
,,,,,,,,,,,,
,,,,,,,,,,,,
,,,,,,,,,,,,
,,,,,,,,,,,,
,,,,,,,,,,,,
,,,,,,,,,,,,
,,,,,,,,,,,,
,,,,,,,,,,,,
,,,,,,,,,,,,
,,,,,,,,,,,,
,,,,,,,,,,,,
,,,,,,,,,,,,
,,,,,,,,,,,,
,,,,,,,,,,,,
,,,,,,,,,,,,
,,,,,,,,,,,,
,,,,,,,,,,,,
,,,,,,,,,,,,
,,,,,,,,,,,,
,,,,,,,,,,,,
,,,,,,,,,,,,
,,,,,,,,,,,,
,,,,,,,,,,,,
,,,,,,,,,,,,
,,,,,,,,,,,,
,,,,,,,,,,,,
,,,,,,,,,,,,
,,,,,,,,,,,,
,,,,,,,,,,,,
,,,,,,,,,,,,
,,,,,,,,,,,,
,,,,,,,,,,,,
,,,,,,,,,,,,
,,,,,,,,,,,,
,,,,,,,,,,,,
,,,,,,,,,,,,
,,,,,,,,,,,,
,,,,,,,,,,,,
,,,,,,,,,,,,
,,,,,,,,,,,,
,,,,,,,,,,,,
,,,,,,,,,,,,
,,,,,,,,,,,,
,,,,,,,,,,,,
,,,,,,,,,,,,
,,,,,,,,,,,,
,,,,,,,,,,,,
,,,,,,,,,,,,
,,,,,,,,,,,,
,,,,,,,,,,,,
,,,,,,,,,,,,
,,,,,,,,,,,,
,,,,,,,,,,,,
,,,,,,,,,,,,
,,,,,,,,,,,,
,,,,,,,,,,,,
,,,,,,,,,,,,
,,,,,,,,,,,,
,,,,,,,,,,,,
,,,,,,,,,,,,
,,,,,,,,,,,,
,,,,,,,,,,,,
,,,,,,,,,,,,
,,,,,,,,,,,,
,,,,,,,,,,,,
,,,,,,,,,,,,
,,,,,,,,,,,,
,,,,,,,,,,,,
,,,,,,,,,,,,
,,,,,,,,,,,,
,,,,,,,,,,,,
,,,,,,,,,,,,
,,,,,,,,,,,,
,,,,,,,,,,,,
,,,,,,,,,,,,
,,,,,,,,,,,,
,,,,,,,,,,,,
,,,,,,,,,,,,
,,,,,,,,,,,,
,,,,,,,,,,,,
,,,,,,,,,,,,
,,,,,,,,,,,,
,,,,,,,,,,,,
,,,,,,,,,,,,
,,,,,,,,,,,,
,,,,,,,,,,,,
,,,,,,,,,,,,
,,,,,,,,,,,,
,,,,,,,,,,,,
,,,,,,,,,,,,
,,,,,,,,,,,,
,,,,,,,,,,,,
,,,,,,,,,,,,
,,,,,,,,,,,,
,,,,,,,,,,,,
,,,,,,,,,,,,